{
  "placeholderName": "Имя",
  "placeholderPassword": "Пароль",
  "registrationButton": "регистрация",
  "loginButton": "войти",
  "start_without_registration": "начать без регистрации",
  "continue_without_registration": "продолжить без регистрации",
  "warningTextExist": "такой пользователь уже существует!",
  "warningTextLat": "используйте только латинские символы!",
  "warningTextLogin": "неправильный логин или пароль!"
}